"user_id","user_name","location","gender","age","education","invest_goal"
"1001","Hanna Forslund","Västmanland","Female","34","Master's Degree","Long-term"
"1002","Sven Lind","Skåne","Male","30","High School","Long-term"
"1003","Karin Lundberg","Västmanland","Female","63","Master's Degree","Long-term"
"1004","Per Fransson","Stockholm","Male","29","High School","Short-term"
"1005","Hans Magnusson","Kalmar","Male","23","Bachelor's Degree","Short-term"
"1006","Alicia Sandberg","Stockholm","Female","33","High School","Short-term"
"1007","David Wallin","Stockholm","Male","43","High School","Short-term"
"1008","Johan Forsberg","Stockholm","Male","39","High School","Short-term"
"1009","Karl Svensson","Västra Götaland","Male","29","High School","Short-term"
"1010","Filip Sandberg","Västra Götaland","Male","34","Middle School","Short-term"
"1011","Lars Ström","Västra Götaland","Male","69","Middle School","Long-term"
"1012","Karin Sandberg","Södermanland","Female","20","Middle School","Short-term"
"1013","Maja Wallin","Södermanland","Female","43","Bachelor's Degree","Long-term"
"1014","Kerstin Pettersson","Kronoberg","Female","30","Elementary School","Long-term"
"1015","Klara Mattsson","Värmland","Female","59","Bachelor's Degree","Long-term"
"1016","Hans Larsson","Värmland","Male","45","Bachelor's Degree","Long-term"
"1017","Karin Eklund","Stockholm","Female","62","High School","Long-term"
"1018","Lucas Gustafsson","Stockholm","Male","25","High School","Long-term"
"1019","Lars Ström","Värmland","Male","24","Middle School","Short-term"
"1020","Filip Eriksson","Västerbotten","Male","66","High School","Long-term"
"1021","Daniel Holmberg","Södermanland","Male","24","Master's Degree","Long-term"
"1022","Bengt Mattsson","Västra Götaland","Male","26","High School","Short-term"
"1023","Ebba Wallin","Stockholm","Female","43","High School","Short-term"
"1024","Mikael Gunnarsson","Värmland","Male","39","Middle School","Long-term"
"1025","Oscar Lundqvist","Skåne","Male","61","Bachelor's Degree","Short-term"
"1026","Christina Jönsson","Stockholm","Female","39","Middle School","Short-term"
"1027","Helena Jönsson","Stockholm","Female","31","High School","Short-term"
"1028","Lars Hansson","Skåne","Male","29","High School","Short-term"
"1029","Lars Wallin","Stockholm","Male","25","Master's Degree","Long-term"
"1030","Jonathan Johansson","Västra Götaland","Male","27","Bachelor's Degree","Short-term"
"1031","Karin Forslund","Blekinge","Female","40","Master's Degree","Long-term"
"1032","Ingrid Andersson","Stockholm","Female","35","High School","Short-term"
"1033","Alice Bengtsson","Skåne","Female","22","Middle School","Long-term"
"1034","Emil Karlsson","Västra Götaland","Male","26","High School","Short-term"
"1035","Bengt Nyström","Stockholm","Male","28","High School","Long-term"
"1036","Bengt Forslund","Stockholm","Male","40","Unknown","Long-term"
"1037","Karin Persson","Östergötland","Female","80","Master's Degree","Long-term"
"1038","Per Karlsson","Stockholm","Male","19","High School","Long-term"
"1039","Sven Forsberg","Västmanland","Male","26","Master's Degree","Long-term"
"1040","Olof Larsson","Stockholm","Male","59","Master's Degree","Long-term"
"1041","Elsa Pettersson","Jönköping","Female","55","Master's Degree","Long-term"
"1042","William Karlsson","Jönköping","Male","39","High School","Short-term"
"1043","Elias Eriksson","Skåne","Male","26","Master's Degree","Short-term"
"1044","Maja Johansson","Västra Götaland","Female","61","Middle School","Long-term"
"1045","Elias Gustafsson","Stockholm","Male","46","Middle School","Short-term"
"1046","Peter Berg","Värmland","Male","28","Elementary School","Short-term"
"1047","Viktor Sandberg","Skåne","Male","32","Middle School","Long-term"
"1048","David Gunnarsson","Skåne","Male","31","Middle School","Long-term"
"1049","Gustav Berg","Stockholm","Male","36","Master's Degree","Short-term"
"1050","Oscar Jansson","Jönköping","Male","25","High School","Long-term"
"1051","Karin Forsberg","Skåne","Female","56","Middle School","Short-term"
"1052","Maja Berg","Dalarna","Female","39","High School","Long-term"
"1053","Anna Fransson","Västernorrland","Female","64","Master's Degree","Long-term"
"1054","Anders Persson","Örebro","Male","47","Bachelor's Degree","Long-term"
"1055","Klara Olsson","Västerbotten","Female","23","High School","Long-term"
"1056","Magnus Sjöberg","Östergötland","Male","35","High School","Long-term"
"1057","William Henriksson","Halland","Male","46","High School","Long-term"
"1058","Björn Bergström","Skåne","Male","32","Bachelor's Degree","Short-term"
"1059","Christina Johansson","Västra Götaland","Female","40","Middle School","Short-term"
"1060","Wilma Nilsson","Västra Götaland","Female","48","Middle School","Short-term"
"1061","Sven Eklund","Västra Götaland","Male","35","High School","Short-term"
"1062","Christina Mattsson","Västra Götaland","Female","33","Bachelor's Degree","Short-term"
"1063","Sven Henriksson","Västernorrland","Male","74","Middle School","Short-term"
"1064","Linnea Pettersson","Uppsala","Female","53","Middle School","Long-term"
"1065","Daniel Olsson","Skåne","Male","46","Bachelor's Degree","Long-term"
"1066","Lena Lindström","Örebro","Female","21","High School","Short-term"
"1067","Olof Karlsson","Stockholm","Male","67","High School","Short-term"
"1068","Fredrik Eriksson","Skåne","Male","27","Bachelor's Degree","Long-term"
"1069","Astrid Mattsson","Västra Götaland","Female","21","Middle School","Long-term"
"1070","Annika Rosén","Norrbotten","Female","30","High School","Short-term"
"1071","Johan Wallin","Stockholm","Male","28","High School","Long-term"
"1072","Filip Nordström","Skåne","Male","55","High School","Long-term"
"1073","Mikael Norberg","Uppsala","Male","31","High School","Short-term"
"1074","William Lundberg","Uppsala","Male","31","Bachelor's Degree","Long-term"
"1075","Mikael Larsson","Gävleborg","Male","38","Master's Degree","Short-term"
"1076","Jan Eriksson","Västra Götaland","Male","55","High School","Long-term"
"1077","David Bengtsson","Stockholm","Male","28","Master's Degree","Long-term"
"1078","Jan Wikström","Stockholm","Male","24","High School","Long-term"
"1079","Björn Karlsson","Stockholm","Male","62","Bachelor's Degree","Short-term"
"1080","Nils Lind","Stockholm","Male","23","Middle School","Short-term"
"1081","Elin Lindström","Skåne","Female","31","Bachelor's Degree","Short-term"
"1082","Linnea Gustafsson","Skåne","Female","36","Middle School","Short-term"
"1083","Lucas Forslund","Östergötland","Male","59","High School","Short-term"
"1084","Alexander Norberg","Stockholm","Male","28","Master's Degree","Long-term"
"1085","Lena Jonsson","Skåne","Female","35","Bachelor's Degree","Long-term"
"1086","Gustav Eklund","Jämtland","Male","45","High School","Short-term"
"1087","Karin Henriksson","Västmanland","Female","25","Middle School","Short-term"
"1088","Bengt Gunnarsson","Blekinge","Male","42","Middle School","Short-term"
"1089","Emma Gustafsson","Stockholm","Female","42","Master's Degree","Short-term"
"1090","Astrid Lindström","Uppsala","Female","29","Master's Degree","Long-term"
"1091","Hans Jonsson","Västmanland","Male","43","High School","Long-term"
"1092","Linnea Jansson","Stockholm","Female","26","Unknown","Long-term"
"1093","Olivia Persson","Stockholm","Female","68","High School","Long-term"
"1094","Lucas Engström","Västra Götaland","Male","34","High School","Short-term"
"1095","Alicia Wallin","Skåne","Female","67","Unknown","Short-term"
"1096","William Jakobsson","Västra Götaland","Male","34","High School","Short-term"
"1097","Emma Johansson","Stockholm","Female","51","Middle School","Short-term"
"1098","Elsa Lindgren","Kronoberg","Female","30","Middle School","Short-term"
"1099","Eva Wallin","Skåne","Female","52","PhD","Long-term"
"1100","Peter Nordström","Östergötland","Male","39","Master's Degree","Long-term"
"1101","Karin Rosén","Kalmar","Female","44","Master's Degree","Short-term"
"1102","Daniel Rosén","Stockholm","Male","36","Bachelor's Degree","Short-term"
"1103","Elias Forslund","Örebro","Male","26","Middle School","Long-term"
"1104","Elsa Bengtsson","Gävleborg","Female","44","High School","Short-term"
"1105","Gustav Bergström","Gävleborg","Male","35","Bachelor's Degree","Short-term"
"1106","Sofia Berg","Skåne","Female","18","High School","Long-term"
"1107","Per Karlsson","Stockholm","Male","25","High School","Long-term"
"1108","Anders Johansson","Stockholm","Male","27","Master's Degree","Long-term"
"1109","Elsa Olsson","Stockholm","Female","40","Bachelor's Degree","Short-term"
"1110","William Nyström","Halland","Male","68","High School","Short-term"
"1111","Helena Jonsson","Gävleborg","Female","31","Middle School","Long-term"
"1112","Anna Berg","Västerbotten","Female","59","Master's Degree","Long-term"
"1113","Emma Ström","Södermanland","Female","35","Master's Degree","Long-term"
"1114","Emil Wikström","Södermanland","Male","43","Middle School","Short-term"
"1115","Anders Olsson","Västra Götaland","Male","59","Master's Degree","Long-term"
"1116","Alexander Fransson","Östergötland","Male","60","Master's Degree","Short-term"
"1117","Julia Sandberg","Gävleborg","Female","57","Master's Degree","Short-term"
"1118","Alexander Eriksson","Östergötland","Male","28","High School","Short-term"
"1119","Per Olsson","Stockholm","Male","27","Middle School","Short-term"
"1120","Sara Magnusson","Stockholm","Female","44","Master's Degree","Long-term"
"1121","Elias Gustafsson","Stockholm","Male","33","High School","Short-term"
"1122","Alexander Lindström","Stockholm","Male","29","Middle School","Long-term"
"1123","Olivia Lundberg","Stockholm","Female","23","Bachelor's Degree","Short-term"
"1124","Peter Lind","Stockholm","Male","30","High School","Short-term"
"1125","Anders Gunnarsson","Stockholm","Male","26","High School","Short-term"
"1126","Alicia Olsson","Uppsala","Female","38","Master's Degree","Long-term"
"1127","David Forsberg","Södermanland","Male","25","High School","Long-term"
"1128","Jan Jonsson","Stockholm","Male","29","High School","Long-term"
"1129","Elin Lundberg","Skåne","Female","27","High School","Long-term"
"1130","Alexander Bengtsson","Skåne","Male","26","High School","Short-term"
"1131","Gustav Olsson","Gävleborg","Male","50","Bachelor's Degree","Long-term"
"1132","Nils Forsberg","Södermanland","Male","26","High School","Short-term"
"1133","Matilda Gunnarsson","Gotland","Female","25","Master's Degree","Long-term"
"1134","Helena Henriksson","Stockholm","Female","25","PhD","Long-term"
"1135","Karin Forsberg","Skåne","Female","68","High School","Long-term"
"1136","David Jakobsson","Västra Götaland","Male","50","High School","Short-term"
"1137","Lisa Forslund","Stockholm","Female","34","High School","Long-term"
"1138","Emil Forslund","Stockholm","Male","26","Master's Degree","Short-term"
"1139","Thomas Berg","Uppsala","Male","34","High School","Short-term"
"1140","Gustav Eriksson","Stockholm","Male","58","Bachelor's Degree","Long-term"
"1141","Daniel Sjöberg","Västra Götaland","Male","38","Bachelor's Degree","Long-term"
"1142","Daniel Eklund","Stockholm","Male","19","Unknown","Short-term"
"1143","Filip Jakobsson","Stockholm","Male","49","Middle School","Short-term"
"1144","Gustav Mattsson","Västra Götaland","Male","29","High School","Long-term"
"1145","Daniel Pettersson","Skåne","Male","22","High School","Short-term"
"1146","Emil Svensson","Dalarna","Male","71","Middle School","Short-term"
"1147","Jan Bengtsson","Stockholm","Male","59","Middle School","Short-term"
"1148","Lena Olsson","Stockholm","Female","29","Middle School","Short-term"
"1149","Fredrik Jakobsson","Stockholm","Male","33","High School","Short-term"
"1150","Karin Lundgren","Södermanland","Female","27","Master's Degree","Short-term"
"1151","Eva Rosén","Skåne","Female","25","Bachelor's Degree","Short-term"
"1152","Hanna Nyström","Västra Götaland","Female","29","High School","Short-term"
"1153","Björn Wikström","Kalmar","Male","30","High School","Short-term"
"1154","Christina Eriksson","Västernorrland","Female","21","High School","Short-term"
"1155","Björn Engström","Stockholm","Male","29","Bachelor's Degree","Long-term"
"1156","Elias Persson","Västra Götaland","Male","38","Master's Degree","Long-term"
"1157","Johanna Jönsson","Stockholm","Female","39","High School","Long-term"
"1158","Maja Jönsson","Stockholm","Female","53","Middle School","Long-term"
"1159","Bengt Johansson","Västra Götaland","Male","40","High School","Short-term"
"1160","Alicia Wallin","Västra Götaland","Female","31","Bachelor's Degree","Short-term"
"1161","Olivia Jönsson","Västra Götaland","Female","32","Bachelor's Degree","Long-term"
"1162","Per Henriksson","Värmland","Male","51","Middle School","Long-term"
"1163","Lucas Johansson","Skåne","Male","37","High School","Short-term"
"1164","Oscar Nilsson","Stockholm","Male","47","Bachelor's Degree","Long-term"
"1165","Anders Wallin","Västra Götaland","Male","43","Unknown","Long-term"
"1166","Maria Wikström","Skåne","Female","34","Unknown","Long-term"
"1167","William Rosén","Skåne","Male","53","Master's Degree","Short-term"
"1168","William Johansson","Skåne","Male","50","Master's Degree","Short-term"
"1169","Ingrid Eklund","Stockholm","Female","41","High School","Long-term"
"1170","Lars Karlsson","Västerbotten","Male","64","Bachelor's Degree","Long-term"
"1171","Hans Ström","Stockholm","Male","25","Middle School","Short-term"
"1172","Hans Nordström","Skåne","Male","61","Unknown","Long-term"
"1173","Johanna Henriksson","Skåne","Female","21","Master's Degree","Long-term"
"1174","Lars Forsberg","Dalarna","Male","39","Bachelor's Degree","Short-term"
"1175","Sven Svensson","Skåne","Male","26","High School","Long-term"
"1176","Alicia Lindberg","Gävleborg","Female","38","High School","Short-term"
"1177","Thomas Magnusson","Stockholm","Male","36","Bachelor's Degree","Short-term"
"1178","Erik Holmberg","Västra Götaland","Male","50","High School","Short-term"
"1179","Alexander Lundgren","Stockholm","Male","26","Middle School","Short-term"
"1180","Ida Holmberg","Västra Götaland","Female","49","Bachelor's Degree","Short-term"
"1181","Johan Fransson","Jönköping","Male","67","Bachelor's Degree","Short-term"
"1182","Viktor Persson","Västra Götaland","Male","34","High School","Long-term"
"1183","Kerstin Holmberg","Stockholm","Female","26","Master's Degree","Long-term"
"1184","Helena Rosén","Stockholm","Female","26","Master's Degree","Long-term"
"1185","Ebba Andersson","Södermanland","Female","69","High School","Long-term"
"1186","David Persson","Stockholm","Male","33","Bachelor's Degree","Long-term"
"1187","Maria Lindgren","Skåne","Female","36","Master's Degree","Short-term"
"1188","Emil Lundgren","Värmland","Male","41","High School","Long-term"
"1189","Elias Eriksson","Västra Götaland","Male","29","High School","Short-term"
"1190","Lucas Holmberg","Västernorrland","Male","19","Master's Degree","Long-term"
"1191","Alice Lundberg","Västra Götaland","Female","31","Master's Degree","Long-term"
"1192","Mikael Lundgren","Västra Götaland","Male","38","High School","Short-term"
"1193","Peter Fransson","Stockholm","Male","68","Bachelor's Degree","Short-term"
"1194","Erik Hansson","Stockholm","Male","28","High School","Short-term"
"1195","Johanna Persson","Södermanland","Female","27","Master's Degree","Short-term"
"1196","Eva Axelsson","Västra Götaland","Female","26","Master's Degree","Short-term"
"1197","Jonathan Magnusson","Skåne","Male","42","Middle School","Short-term"
"1198","Maria Forsberg","Stockholm","Female","39","High School","Long-term"
"1199","Alexander Wallin","Skåne","Male","41","Master's Degree","Long-term"
"1200","Nils Magnusson","Östergötland","Male","33","Middle School","Short-term"
"1201","Lisa Bergström","Stockholm","Female","41","High School","Long-term"
"1202","Peter Axelsson","Västra Götaland","Male","32","Master's Degree","Long-term"
"1203","Lucas Nordström","Värmland","Male","56","High School","Long-term"
"1204","Jan Engström","Skåne","Male","41","High School","Short-term"
"1205","Eva Lindgren","Skåne","Female","41","Bachelor's Degree","Long-term"
"1206","Filip Axelsson","Stockholm","Male","72","High School","Short-term"
"1207","Alicia Hansson","Stockholm","Female","46","Master's Degree","Short-term"
"1208","Jan Nilsson","Södermanland","Male","52","Middle School","Short-term"
"1209","Maja Jansson","Örebro","Female","36","Master's Degree","Long-term"
"1210","Johan Rosén","Stockholm","Male","38","Middle School","Long-term"
"1211","Ebba Lindberg","Stockholm","Female","30","Elementary School","Short-term"
"1212","Anders Rosén","Örebro","Male","29","High School","Short-term"
"1213","Nils Andersson","Stockholm","Male","55","Master's Degree","Long-term"
"1214","Viktor Sandberg","Stockholm","Male","27","Middle School","Short-term"
"1215","Alicia Eriksson","Västmanland","Female","43","Master's Degree","Long-term"
"1216","Alice Jakobsson","Skåne","Female","20","High School","Short-term"
"1217","Hans Karlsson","Uppsala","Male","27","High School","Short-term"
"1218","Ida Lundberg","Stockholm","Female","34","Master's Degree","Short-term"
"1219","Nils Axelsson","Stockholm","Male","28","Middle School","Long-term"
"1220","Nils Eklund","Halland","Male","24","Bachelor's Degree","Short-term"
"1221","Elias Johansson","Stockholm","Male","35","High School","Short-term"
"1222","Daniel Bengtsson","Kalmar","Male","46","High School","Long-term"
"1223","Björn Forslund","Kalmar","Male","56","Bachelor's Degree","Long-term"
"1224","Sven Lind","Västra Götaland","Male","35","High School","Long-term"
"1225","Klara Rosén","Blekinge","Female","46","Elementary School","Short-term"
"1226","Wilma Wallin","Västerbotten","Female","47","Bachelor's Degree","Short-term"
"1227","Jonathan Olsson","Stockholm","Male","28","PhD","Short-term"
"1228","Mikael Engström","Stockholm","Male","20","High School","Short-term"
"1229","Maja Engström","Skåne","Female","74","High School","Long-term"
"1230","Lena Wallin","Jämtland","Female","51","High School","Short-term"
"1231","Fredrik Jakobsson","Stockholm","Male","30","High School","Short-term"
"1232","Thomas Forsberg","Blekinge","Male","27","Master's Degree","Short-term"
"1233","Johan Ström","Stockholm","Male","28","Middle School","Short-term"
"1234","Nils Johansson","Kronoberg","Male","30","Master's Degree","Short-term"
"1235","Magnus Lundberg","Stockholm","Male","43","Master's Degree","Short-term"
"1236","Astrid Persson","Kronoberg","Female","58","Middle School","Short-term"
"1237","Lars Jonsson","Västra Götaland","Male","49","Bachelor's Degree","Short-term"
"1238","Kerstin Engström","Västra Götaland","Female","22","Master's Degree","Long-term"
"1239","Magnus Svensson","Stockholm","Male","32","Master's Degree","Long-term"
"1240","Lars Eriksson","Norrbotten","Male","29","High School","Short-term"
"1241","Lars Jönsson","Västra Götaland","Male","18","High School","Long-term"
"1242","Daniel Wikström","Kalmar","Male","37","Middle School","Short-term"
"1243","Filip Johansson","Blekinge","Male","32","High School","Short-term"
"1244","Olivia Gustafsson","Stockholm","Female","36","Middle School","Long-term"
"1245","Maria Sandberg","Stockholm","Female","33","High School","Short-term"
"1246","Helena Lindberg","Västra Götaland","Female","44","Master's Degree","Long-term"
"1247","Johanna Berg","Södermanland","Female","30","Master's Degree","Short-term"
"1248","Karl Nyström","Södermanland","Male","27","High School","Short-term"
"1249","Viktor Henriksson","Östergötland","Male","39","High School","Short-term"
"1250","Fredrik Lind","Stockholm","Male","51","High School","Long-term"
"1251","Hans Lundqvist","Stockholm","Male","24","PhD","Long-term"
"1252","Alexander Karlsson","Stockholm","Male","38","Elementary School","Long-term"
"1253","Elsa Larsson","Stockholm","Female","66","Middle School","Short-term"
"1254","Kerstin Jönsson","Jönköping","Female","75","Middle School","Short-term"
"1255","Wilma Nordström","Stockholm","Female","34","High School","Long-term"
"1256","Alice Henriksson","Stockholm","Female","38","Middle School","Short-term"
"1257","Jan Eriksson","Västra Götaland","Male","58","Bachelor's Degree","Long-term"
"1258","Maja Bergström","Blekinge","Female","46","High School","Short-term"
"1259","Mikael Jonsson","Kronoberg","Male","28","High School","Long-term"
"1260","Bengt Rosén","Västra Götaland","Male","23","High School","Long-term"
"1261","Per Lindberg","Kalmar","Male","41","High School","Short-term"
"1262","Matilda Gustafsson","Skåne","Female","29","Master's Degree","Short-term"
"1263","Alexander Norberg","Stockholm","Male","46","Middle School","Long-term"
"1264","Karl Holmberg","Halland","Male","51","Master's Degree","Long-term"
"1265","Magnus Lundberg","Stockholm","Male","40","Bachelor's Degree","Long-term"
"1266","Lisa Lundgren","Skåne","Female","21","Master's Degree","Short-term"
"1267","Karl Axelsson","Stockholm","Male","35","High School","Long-term"
"1268","Fredrik Gunnarsson","Stockholm","Male","31","High School","Long-term"
"1269","Gustav Nilsson","Västernorrland","Male","25","Bachelor's Degree","Short-term"
"1270","Olof Mattsson","Stockholm","Male","20","Bachelor's Degree","Short-term"
"1271","Alexander Pettersson","Stockholm","Male","32","High School","Short-term"
"1272","Karl Svensson","Jönköping","Male","38","High School","Short-term"
"1273","Sven Jonsson","Stockholm","Male","38","Master's Degree","Short-term"
"1274","Elias Bengtsson","Skåne","Male","44","Master's Degree","Short-term"
"1275","Oscar Andersson","Västra Götaland","Male","38","Bachelor's Degree","Short-term"
"1276","Fredrik Larsson","Halland","Male","21","Bachelor's Degree","Long-term"
"1277","Anders Eriksson","Blekinge","Male","45","High School","Short-term"
"1278","Ida Nordström","Stockholm","Female","48","High School","Long-term"
"1279","Gustav Sandberg","Skåne","Male","34","High School","Short-term"
"1280","William Lind","Stockholm","Male","42","Bachelor's Degree","Short-term"
"1281","Hans Sjöberg","Uppsala","Male","36","High School","Long-term"
"1282","Anders Mattsson","Stockholm","Male","33","High School","Long-term"
"1283","Annika Lundgren","Västmanland","Female","29","High School","Long-term"
"1284","Alice Lindström","Blekinge","Female","35","Master's Degree","Short-term"
"1285","Lisa Jansson","Östergötland","Female","49","Middle School","Short-term"
"1286","Karin Ström","Dalarna","Female","38","High School","Long-term"
"1287","Anders Jönsson","Stockholm","Male","44","High School","Long-term"
"1288","Annika Berg","Värmland","Female","28","High School","Short-term"
"1289","Björn Karlsson","Kalmar","Male","46","High School","Long-term"
"1290","Jonathan Holmberg","Östergötland","Male","48","High School","Long-term"
"1291","Sara Eriksson","Stockholm","Female","51","Bachelor's Degree","Long-term"
"1292","Anders Andersson","Uppsala","Male","25","Master's Degree","Short-term"
"1293","Olof Nilsson","Skåne","Male","64","Bachelor's Degree","Long-term"
"1294","Maja Jansson","Stockholm","Female","31","Master's Degree","Short-term"
"1295","Wilma Holmberg","Stockholm","Female","41","Middle School","Long-term"
"1296","Johan Norberg","Kalmar","Male","40","Bachelor's Degree","Short-term"
"1297","Ebba Lindström","Västra Götaland","Female","40","High School","Short-term"
"1298","Johan Larsson","Västra Götaland","Male","26","High School","Short-term"
"1299","Olof Lindström","Stockholm","Male","29","Bachelor's Degree","Long-term"
"1300","Sara Hansson","Västra Götaland","Female","47","Bachelor's Degree","Long-term"
"1301","Filip Persson","Stockholm","Male","45","Master's Degree","Short-term"
"1302","Oscar Eklund","Stockholm","Male","64","Master's Degree","Long-term"
"1303","David Rosén","Skåne","Male","24","Bachelor's Degree","Long-term"
"1304","Anders Jönsson","Stockholm","Male","65","Bachelor's Degree","Long-term"
"1305","Sven Jönsson","Västra Götaland","Male","36","Bachelor's Degree","Short-term"
"1306","Per Svensson","Skåne","Male","31","Bachelor's Degree","Long-term"
"1307","Emma Holmberg","Östergötland","Female","18","High School","Short-term"
"1308","Lars Bergström","Södermanland","Male","37","High School","Short-term"
"1309","Annika Eriksson","Kalmar","Female","33","Master's Degree","Long-term"
"1310","Gustav Axelsson","Skåne","Male","27","Middle School","Long-term"
"1311","Lars Henriksson","Skåne","Male","46","Master's Degree","Long-term"
"1312","Ebba Magnusson","Stockholm","Female","29","Unknown","Long-term"
"1313","Helena Andersson","Västra Götaland","Female","22","Elementary School","Long-term"
"1314","Emil Jönsson","Västra Götaland","Male","37","Bachelor's Degree","Short-term"
"1315","Sven Norberg","Blekinge","Male","39","Middle School","Short-term"
"1316","Sven Lundqvist","Skåne","Male","28","Master's Degree","Long-term"
"1317","Astrid Johansson","Skåne","Female","33","Master's Degree","Short-term"
"1318","Gustav Johansson","Gävleborg","Male","41","High School","Long-term"
"1319","Emil Karlsson","Örebro","Male","23","Middle School","Long-term"
"1320","Hanna Wallin","Skåne","Female","23","Master's Degree","Long-term"
"1321","Per Nilsson","Västra Götaland","Male","33","Bachelor's Degree","Short-term"
"1322","Sven Lundberg","Stockholm","Male","42","Elementary School","Long-term"
"1323","Sven Gustafsson","Uppsala","Male","21","High School","Long-term"
"1324","Alice Karlsson","Skåne","Female","67","High School","Long-term"
"1325","Erik Johansson","Stockholm","Male","35","Elementary School","Short-term"
"1326","Sven Lundqvist","Västra Götaland","Male","57","Bachelor's Degree","Short-term"
"1327","Johan Lind","Dalarna","Male","19","High School","Long-term"
"1328","Johanna Nordström","Stockholm","Female","70","Middle School","Short-term"
"1329","Mikael Lundgren","Uppsala","Male","67","High School","Long-term"
"1330","Kerstin Gustafsson","Södermanland","Female","20","High School","Short-term"
"1331","Viktor Ström","Skåne","Male","63","Middle School","Long-term"
"1332","Sven Henriksson","Skåne","Male","39","High School","Short-term"
"1333","Karin Bengtsson","Jönköping","Female","18","High School","Long-term"
"1334","Lucas Persson","Östergötland","Male","26","Bachelor's Degree","Short-term"
"1335","Julia Hansson","Örebro","Female","62","High School","Short-term"
"1336","Emma Gustafsson","Stockholm","Female","58","High School","Long-term"
"1337","Hans Engström","Stockholm","Male","49","Middle School","Short-term"
"1338","Annika Hansson","Jönköping","Female","60","Bachelor's Degree","Short-term"
"1339","Maja Mattsson","Stockholm","Female","24","Master's Degree","Short-term"
"1340","Oscar Lindström","Stockholm","Male","53","Bachelor's Degree","Short-term"
"1341","Anna Magnusson","Västra Götaland","Female","61","Master's Degree","Long-term"
"1342","Eva Lindberg","Stockholm","Female","29","High School","Short-term"
"1343","Linnea Lundberg","Östergötland","Female","39","Middle School","Short-term"
"1344","Lucas Hansson","Skåne","Male","27","High School","Long-term"
"1345","William Forsberg","Örebro","Male","31","High School","Short-term"
"1346","Jonathan Ström","Kalmar","Male","38","Bachelor's Degree","Long-term"
"1347","Per Nordström","Stockholm","Male","29","Middle School","Long-term"
"1348","Olivia Bergström","Stockholm","Female","23","High School","Short-term"
"1349","Matilda Lindgren","Stockholm","Female","32","High School","Long-term"
"1350","Alexander Svensson","Stockholm","Male","25","High School","Long-term"
"1351","Gustav Forslund","Dalarna","Male","45","Bachelor's Degree","Long-term"
"1352","Viktor Nyström","Stockholm","Male","21","Unknown","Short-term"
"1353","Erik Persson","Stockholm","Male","27","Master's Degree","Long-term"
"1354","Lena Holmberg","Stockholm","Female","49","Middle School","Short-term"
"1355","Oscar Mattsson","Västra Götaland","Male","54","Bachelor's Degree","Long-term"
"1356","Karin Persson","Stockholm","Female","18","Master's Degree","Short-term"
"1357","David Nilsson","Uppsala","Male","30","High School","Short-term"
"1358","Elsa Persson","Västra Götaland","Female","37","Master's Degree","Long-term"
"1359","Anders Mattsson","Stockholm","Male","30","High School","Short-term"
"1360","Daniel Johansson","Uppsala","Male","35","High School","Short-term"
"1361","Johanna Karlsson","Stockholm","Female","33","Middle School","Long-term"
"1362","Alice Fransson","Blekinge","Female","28","High School","Short-term"
"1363","Astrid Ström","Örebro","Female","37","Middle School","Short-term"
"1364","Nils Persson","Västra Götaland","Male","38","Bachelor's Degree","Long-term"
"1365","Emil Jönsson","Blekinge","Male","37","Master's Degree","Short-term"
"1366","Lucas Lundberg","Stockholm","Male","34","High School","Short-term"
"1367","Anna Forsberg","Östergötland","Female","41","Bachelor's Degree","Long-term"
"1368","Jan Lundqvist","Halland","Male","57","High School","Short-term"
"1369","William Sjöberg","Skåne","Male","35","Bachelor's Degree","Short-term"
"1370","Fredrik Bengtsson","Skåne","Male","27","High School","Long-term"
"1371","Bengt Hansson","Södermanland","Male","76","High School","Short-term"
"1372","Maria Axelsson","Stockholm","Female","58","High School","Short-term"
"1373","Peter Lind","Skåne","Male","33","High School","Short-term"
"1374","Erik Eriksson","Jönköping","Male","43","High School","Long-term"
"1375","Hans Jakobsson","Västernorrland","Male","36","Bachelor's Degree","Long-term"
"1376","Mikael Persson","Stockholm","Male","27","High School","Long-term"
"1377","Johanna Bergström","Västra Götaland","Female","26","Bachelor's Degree","Short-term"
"1378","Matilda Nyström","Västra Götaland","Female","28","Bachelor's Degree","Short-term"
"1379","Lars Eklund","Västra Götaland","Male","31","Master's Degree","Long-term"
"1380","Fredrik Jonsson","Västra Götaland","Male","20","Middle School","Short-term"
"1381","Annika Jönsson","Stockholm","Female","32","Unknown","Long-term"
"1382","Filip Gunnarsson","Stockholm","Male","29","Bachelor's Degree","Short-term"
"1383","Lucas Gunnarsson","Stockholm","Male","26","High School","Long-term"
"1384","Fredrik Lundberg","Västerbotten","Male","45","Elementary School","Short-term"
"1385","Ida Lind","Stockholm","Female","34","PhD","Long-term"
"1386","Klara Berg","Västra Götaland","Female","30","Middle School","Long-term"
"1387","Alicia Nyström","Östergötland","Female","60","Master's Degree","Short-term"
"1388","Alicia Eklund","Gävleborg","Female","42","Middle School","Long-term"
"1389","Johan Lundberg","Stockholm","Male","37","High School","Long-term"
"1390","Erik Axelsson","Uppsala","Male","68","Master's Degree","Long-term"
"1391","Olof Fransson","Stockholm","Male","52","Master's Degree","Short-term"
"1392","Emma Gustafsson","Kronoberg","Female","45","Master's Degree","Long-term"
"1393","Fredrik Andersson","Västra Götaland","Male","28","High School","Long-term"
"1394","Anna Gunnarsson","Stockholm","Female","57","Master's Degree","Short-term"
"1395","Anders Norberg","Skåne","Male","26","Master's Degree","Long-term"
"1396","Daniel Svensson","Västerbotten","Male","46","Master's Degree","Short-term"
"1397","David Jonsson","Östergötland","Male","34","Middle School","Short-term"
"1398","Ebba Jansson","Skåne","Female","28","High School","Long-term"
"1399","Anders Ström","Stockholm","Male","27","Master's Degree","Long-term"
"1400","Annika Nyström","Uppsala","Female","30","Master's Degree","Long-term"
"1401","Jonathan Persson","Kronoberg","Male","44","High School","Short-term"
"1402","Oscar Jansson","Stockholm","Male","47","High School","Short-term"
"1403","Thomas Sjöberg","Stockholm","Male","33","Elementary School","Long-term"
"1404","Elias Lundgren","Stockholm","Male","27","Bachelor's Degree","Long-term"
"1405","Maria Nyström","Västerbotten","Female","27","Middle School","Long-term"
"1406","Oscar Axelsson","Jönköping","Male","20","Master's Degree","Long-term"
"1407","Elin Sandberg","Västra Götaland","Female","25","High School","Short-term"
"1408","Hanna Sjöberg","Stockholm","Female","18","Middle School","Long-term"
"1409","Lars Norberg","Stockholm","Male","36","Unknown","Long-term"
"1410","Peter Johansson","Västerbotten","Male","48","High School","Short-term"
"1411","David Fransson","Skåne","Male","37","High School","Long-term"
"1412","Lars Henriksson","Stockholm","Male","28","High School","Long-term"
"1413","Karl Mattsson","Västra Götaland","Male","44","Bachelor's Degree","Long-term"
"1414","Thomas Forsberg","Västerbotten","Male","27","High School","Short-term"
"1415","Lars Eklund","Västra Götaland","Male","65","Master's Degree","Short-term"
"1416","Elin Norberg","Värmland","Female","24","Middle School","Short-term"
"1417","Viktor Magnusson","Västra Götaland","Male","58","Middle School","Long-term"
"1418","Annika Pettersson","Stockholm","Female","38","High School","Long-term"
"1419","Emil Eklund","Stockholm","Male","27","High School","Short-term"
"1420","Linnea Bengtsson","Stockholm","Female","25","Master's Degree","Short-term"
"1421","Linnea Jönsson","Västmanland","Female","54","High School","Long-term"
"1422","Ebba Sjöberg","Stockholm","Female","36","High School","Long-term"
"1423","Emma Nyström","Västmanland","Female","32","Bachelor's Degree","Long-term"
"1424","Astrid Sandberg","Skåne","Female","34","High School","Short-term"
"1425","Nils Nilsson","Stockholm","Male","48","High School","Long-term"
"1426","Fredrik Bergström","Stockholm","Male","42","Bachelor's Degree","Short-term"
"1427","Olivia Forsberg","Örebro","Female","35","Master's Degree","Long-term"
"1428","Anna Svensson","Skåne","Female","53","Elementary School","Long-term"
"1429","Elias Sjöberg","Östergötland","Male","23","High School","Long-term"
"1430","Alexander Lindgren","Stockholm","Male","40","High School","Long-term"
"1431","Lars Persson","Värmland","Male","21","Middle School","Short-term"
"1432","Wilma Andersson","Stockholm","Female","34","Bachelor's Degree","Long-term"
"1433","Nils Larsson","Västra Götaland","Male","45","Master's Degree","Long-term"
"1434","Emil Nilsson","Skåne","Male","33","Bachelor's Degree","Short-term"
"1435","Klara Bergström","Stockholm","Female","43","High School","Short-term"
"1436","Matilda Johansson","Västra Götaland","Female","38","High School","Long-term"
"1437","Emma Jonsson","Halland","Female","30","High School","Short-term"
"1438","Johan Lindgren","Jämtland","Male","44","Bachelor's Degree","Long-term"
"1439","Hanna Magnusson","Stockholm","Female","28","Master's Degree","Short-term"
"1440","Wilma Eriksson","Kalmar","Female","39","High School","Long-term"
"1441","Thomas Fransson","Stockholm","Male","61","High School","Short-term"
"1442","Astrid Magnusson","Västra Götaland","Female","37","High School","Short-term"
"1443","Per Olsson","Gävleborg","Male","45","Bachelor's Degree","Short-term"
"1444","Lucas Eriksson","Halland","Male","26","High School","Long-term"
"1445","Thomas Holmberg","Skåne","Male","59","Bachelor's Degree","Long-term"
"1446","Kerstin Lundqvist","Västra Götaland","Female","26","Middle School","Short-term"
"1447","Christina Gunnarsson","Skåne","Female","29","Master's Degree","Short-term"
"1448","Olof Lindström","Halland","Male","21","Master's Degree","Short-term"
"1449","Olof Hansson","Stockholm","Male","40","High School","Short-term"
"1450","Kerstin Sjöberg","Kalmar","Female","48","Middle School","Short-term"
"1451","Lucas Forsberg","Kalmar","Male","19","High School","Short-term"
"1452","Thomas Olsson","Stockholm","Male","20","Elementary School","Short-term"
"1453","Astrid Wallin","Jönköping","Female","43","High School","Long-term"
"1454","Alice Andersson","Dalarna","Female","22","Master's Degree","Short-term"
"1455","Mikael Olsson","Stockholm","Male","23","High School","Short-term"
"1456","Peter Gunnarsson","Västra Götaland","Male","32","Unknown","Long-term"
"1457","David Johansson","Stockholm","Male","41","Elementary School","Long-term"
"1458","Johan Henriksson","Uppsala","Male","28","Middle School","Short-term"
"1459","Ebba Engström","Gävleborg","Female","47","Master's Degree","Long-term"
"1460","Alicia Fransson","Västra Götaland","Female","47","Bachelor's Degree","Long-term"
"1461","Annika Nyström","Stockholm","Female","60","Bachelor's Degree","Long-term"
"1462","Mikael Hansson","Halland","Male","68","Middle School","Short-term"
"1463","Karin Ström","Gävleborg","Female","32","Bachelor's Degree","Long-term"
"1464","Peter Lindberg","Stockholm","Male","54","High School","Short-term"
"1465","Lena Olsson","Kalmar","Female","47","Bachelor's Degree","Short-term"
"1466","Eva Jönsson","Västra Götaland","Female","30","Bachelor's Degree","Short-term"
"1467","Gustav Berg","Västra Götaland","Male","26","High School","Long-term"
"1468","Elsa Lind","Västmanland","Female","25","Middle School","Short-term"
"1469","Elias Jonsson","Kronoberg","Male","19","Middle School","Short-term"
"1470","Ida Pettersson","Skåne","Female","47","High School","Long-term"
"1471","Elin Lundberg","Skåne","Female","63","Master's Degree","Short-term"
"1472","Ebba Rosén","Stockholm","Female","37","High School","Short-term"
"1473","Magnus Lind","Dalarna","Male","37","Master's Degree","Long-term"
"1474","Olivia Lundqvist","Skåne","Female","28","Unknown","Long-term"
"1475","Anna Svensson","Skåne","Female","34","High School","Long-term"
"1476","Karin Engström","Västra Götaland","Female","25","Bachelor's Degree","Long-term"
"1477","Wilma Lundberg","Stockholm","Female","31","Master's Degree","Long-term"
"1478","Karin Henriksson","Västra Götaland","Female","36","Master's Degree","Short-term"
"1479","Gustav Forslund","Västra Götaland","Male","34","Bachelor's Degree","Long-term"
"1480","Sven Sjöberg","Skåne","Male","25","High School","Long-term"
"1481","Elsa Eriksson","Stockholm","Female","67","Bachelor's Degree","Long-term"
"1482","Annika Forslund","Stockholm","Female","42","High School","Short-term"
"1483","Erik Svensson","Östergötland","Male","36","High School","Long-term"
"1484","Karin Lindström","Västra Götaland","Female","33","Bachelor's Degree","Long-term"
"1485","Emma Lundqvist","Stockholm","Female","54","Elementary School","Short-term"
"1486","Anders Henriksson","Stockholm","Male","63","High School","Long-term"
"1487","David Lindgren","Gävleborg","Male","25","High School","Long-term"
"1488","Elias Johansson","Västra Götaland","Male","64","High School","Long-term"
"1489","Elsa Lindberg","Halland","Female","37","High School","Long-term"
"1490","Björn Henriksson","Uppsala","Male","62","High School","Short-term"
"1491","Anders Magnusson","Stockholm","Male","25","High School","Short-term"
"1492","Sven Lundberg","Stockholm","Male","36","Master's Degree","Long-term"
"1493","Lisa Forsberg","Stockholm","Female","27","Master's Degree","Long-term"
"1494","Anders Lind","Skåne","Male","46","High School","Long-term"
"1495","Johanna Ström","Stockholm","Female","39","Master's Degree","Long-term"
"1496","Astrid Wikström","Skåne","Female","60","Bachelor's Degree","Long-term"
"1497","Olof Nordström","Uppsala","Male","39","Master's Degree","Short-term"
"1498","Oscar Nordström","Västerbotten","Male","29","High School","Short-term"
"1499","Jan Eklund","Skåne","Male","26","High School","Short-term"
"1500","Sven Forslund","Skåne","Male","33","Master's Degree","Short-term"
"1501","Olivia Hansson","Halland","Female","19","High School","Long-term"
"1502","Oscar Lundberg","Kronoberg","Male","35","High School","Short-term"
"1503","Klara Gustafsson","Stockholm","Female","36","Master's Degree","Short-term"
"1504","Daniel Nilsson","Södermanland","Male","43","High School","Long-term"
"1505","Fredrik Eklund","Stockholm","Male","31","High School","Long-term"
"1506","Peter Bergström","Stockholm","Male","30","Bachelor's Degree","Short-term"
"1507","David Magnusson","Värmland","Male","35","Bachelor's Degree","Long-term"
"1508","Thomas Forsberg","Södermanland","Male","32","Bachelor's Degree","Long-term"
"1509","Elsa Jansson","Stockholm","Female","40","High School","Long-term"
"1510","Astrid Lindgren","Stockholm","Female","29","High School","Long-term"
"1511","Klara Berg","Västra Götaland","Female","30","High School","Short-term"
"1512","Peter Lindström","Västmanland","Male","27","High School","Short-term"
"1513","Olof Holmberg","Stockholm","Male","32","Middle School","Long-term"
"1514","Ingrid Pettersson","Västernorrland","Female","26","Master's Degree","Short-term"
"1515","Lisa Persson","Västra Götaland","Female","62","High School","Long-term"
"1516","Peter Sjöberg","Jönköping","Male","30","Bachelor's Degree","Short-term"
"1517","Johanna Wallin","Skåne","Female","28","Master's Degree","Short-term"
"1518","Johan Nordström","Värmland","Male","57","Unknown","Long-term"
"1519","Ingrid Wikström","Västra Götaland","Female","59","Master's Degree","Short-term"
"1520","Jonathan Axelsson","Stockholm","Male","71","High School","Short-term"
"1521","Peter Henriksson","Västra Götaland","Male","29","Master's Degree","Short-term"
"1522","Johan Johansson","Stockholm","Male","36","Middle School","Long-term"
"1523","Alexander Lundberg","Västra Götaland","Male","41","Master's Degree","Short-term"
"1524","David Lundberg","Stockholm","Male","34","High School","Short-term"
"1525","Karin Rosén","Halland","Female","44","High School","Long-term"
"1526","Lars Svensson","Gävleborg","Male","57","Master's Degree","Long-term"
"1527","Ingrid Andersson","Skåne","Female","19","Elementary School","Long-term"
"1528","Fredrik Jakobsson","Västra Götaland","Male","31","High School","Short-term"
"1529","Per Nordström","Uppsala","Male","19","High School","Long-term"
"1530","Emil Svensson","Västerbotten","Male","29","Middle School","Short-term"
"1531","Sofia Lind","Västra Götaland","Female","73","Bachelor's Degree","Short-term"
"1532","Fredrik Lundqvist","Norrbotten","Male","20","Master's Degree","Long-term"
"1533","Ingrid Bengtsson","Stockholm","Female","47","Master's Degree","Short-term"
"1534","Lena Forslund","Värmland","Female","18","Master's Degree","Long-term"
"1535","Astrid Sandberg","Västerbotten","Female","63","High School","Short-term"
"1536","Peter Karlsson","Stockholm","Male","35","Elementary School","Long-term"
"1537","Karl Rosén","Östergötland","Male","32","High School","Short-term"
"1538","Helena Wikström","Västra Götaland","Female","32","High School","Short-term"
"1539","Nils Sjöberg","Västerbotten","Male","31","High School","Short-term"
"1540","Elias Svensson","Stockholm","Male","37","Middle School","Long-term"
"1541","Lena Mattsson","Västernorrland","Female","23","Bachelor's Degree","Long-term"
"1542","Ebba Persson","Skåne","Female","52","Bachelor's Degree","Long-term"
"1543","Elsa Wikström","Uppsala","Female","18","High School","Long-term"
"1544","Hans Gunnarsson","Stockholm","Male","32","Master's Degree","Long-term"
"1545","Kerstin Rosén","Stockholm","Female","42","High School","Long-term"
"1546","Lars Lindberg","Västmanland","Male","27","Bachelor's Degree","Long-term"
"1547","Lars Hansson","Stockholm","Male","21","High School","Long-term"
"1548","Thomas Sandberg","Västra Götaland","Male","27","Middle School","Short-term"
"1549","Anders Jansson","Västra Götaland","Male","65","High School","Short-term"
"1550","Hans Svensson","Västra Götaland","Male","26","High School","Long-term"
"1551","Mikael Johansson","Dalarna","Male","38","High School","Long-term"
"1552","Emma Engström","Stockholm","Female","39","Bachelor's Degree","Long-term"
"1553","Oscar Larsson","Skåne","Male","28","High School","Short-term"
"1554","Lars Jansson","Skåne","Male","40","High School","Long-term"
"1555","Anna Engström","Västra Götaland","Female","19","Unknown","Short-term"
"1556","Bengt Johansson","Värmland","Male","45","Middle School","Short-term"
"1557","Alice Jansson","Västra Götaland","Female","28","Middle School","Short-term"
"1558","Lena Lindberg","Kalmar","Female","45","Bachelor's Degree","Short-term"
"1559","Hanna Nilsson","Skåne","Female","19","High School","Long-term"
"1560","Johan Engström","Skåne","Male","36","Bachelor's Degree","Short-term"
"1561","Anders Andersson","Östergötland","Male","60","Bachelor's Degree","Long-term"
"1562","Thomas Jonsson","Stockholm","Male","34","Master's Degree","Short-term"
"1563","William Andersson","Skåne","Male","42","Bachelor's Degree","Long-term"
"1564","Johan Lindberg","Stockholm","Male","31","High School","Long-term"
"1565","Anders Rosén","Västra Götaland","Male","20","Elementary School","Long-term"
"1566","Lisa Nilsson","Skåne","Female","40","Master's Degree","Short-term"
"1567","Linnea Jönsson","Stockholm","Female","32","Middle School","Short-term"
"1568","Lars Lundgren","Skåne","Male","39","Bachelor's Degree","Short-term"
"1569","Filip Jonsson","Stockholm","Male","44","Master's Degree","Short-term"
"1570","Elin Jönsson","Stockholm","Female","26","Unknown","Short-term"
"1571","Hanna Wikström","Stockholm","Female","32","High School","Long-term"
"1572","Fredrik Karlsson","Västernorrland","Male","33","High School","Short-term"
"1573","Anders Wallin","Stockholm","Male","25","PhD","Short-term"
"1574","Alice Lundberg","Stockholm","Female","29","Master's Degree","Long-term"
"1575","Annika Bergström","Västerbotten","Female","28","High School","Long-term"
"1576","Sara Holmberg","Kalmar","Female","21","Middle School","Long-term"
"1577","Sofia Nordström","Stockholm","Female","31","Master's Degree","Long-term"
"1578","Lena Lindberg","Skåne","Female","41","High School","Short-term"
"1579","Björn Lindgren","Stockholm","Male","31","Master's Degree","Long-term"
"1580","Eva Larsson","Västra Götaland","Female","33","High School","Long-term"
"1581","Sven Engström","Stockholm","Male","25","Master's Degree","Short-term"
"1582","Magnus Lundqvist","Östergötland","Male","33","Bachelor's Degree","Short-term"
"1583","Magnus Andersson","Stockholm","Male","23","Unknown","Short-term"
"1584","Lisa Olsson","Västmanland","Female","33","High School","Long-term"
"1585","Linnea Nordström","Västmanland","Female","52","Middle School","Short-term"
"1586","Wilma Eklund","Örebro","Female","37","Master's Degree","Short-term"
"1587","Elin Lind","Västra Götaland","Female","70","High School","Long-term"
"1588","Sven Andersson","Kronoberg","Male","29","Master's Degree","Long-term"
"1589","Lucas Persson","Östergötland","Male","69","High School","Long-term"
"1590","Gustav Andersson","Dalarna","Male","21","Bachelor's Degree","Long-term"
"1591","Emil Karlsson","Skåne","Male","23","Bachelor's Degree","Short-term"
"1592","Björn Bergström","Värmland","Male","21","Middle School","Long-term"
"1593","Mikael Wallin","Stockholm","Male","26","Bachelor's Degree","Long-term"
"1594","Helena Andersson","Norrbotten","Female","61","Master's Degree","Long-term"
"1595","Lucas Johansson","Skåne","Male","47","High School","Long-term"
"1596","Lisa Henriksson","Norrbotten","Female","26","High School","Short-term"
"1597","Thomas Lind","Västra Götaland","Male","32","Master's Degree","Long-term"
"1598","Astrid Lind","Stockholm","Female","30","Middle School","Short-term"
"1599","Mikael Magnusson","Skåne","Male","52","Unknown","Long-term"
"1600","Olof Fransson","Blekinge","Male","30","Bachelor's Degree","Short-term"
"1601","Emma Sjöberg","Västmanland","Female","31","High School","Short-term"
"1602","Annika Lind","Västra Götaland","Female","37","Elementary School","Short-term"
"1603","Björn Lundgren","Stockholm","Male","34","Master's Degree","Short-term"
"1604","Johan Henriksson","Skåne","Male","35","Master's Degree","Short-term"
"1605","Sara Lundberg","Västra Götaland","Female","32","Bachelor's Degree","Long-term"
"1606","Mikael Eriksson","Västra Götaland","Male","25","High School","Short-term"
"1607","Wilma Fransson","Stockholm","Female","30","Master's Degree","Long-term"
"1608","Hanna Rosén","Västra Götaland","Female","37","Master's Degree","Long-term"
"1609","Elin Forsberg","Skåne","Female","23","High School","Long-term"
"1610","Ida Norberg","Örebro","Female","50","Master's Degree","Short-term"
"1611","Helena Rosén","Stockholm","Female","54","High School","Long-term"
"1612","Karl Olsson","Uppsala","Male","29","Middle School","Short-term"
"1613","Alicia Wikström","Stockholm","Female","40","Elementary School","Short-term"
"1614","Karl Olsson","Kronoberg","Male","59","Bachelor's Degree","Short-term"
"1615","Karl Lindström","Västerbotten","Male","48","Middle School","Long-term"
"1616","Hanna Andersson","Halland","Female","25","High School","Long-term"
"1617","Lars Gustafsson","Norrbotten","Male","29","Middle School","Short-term"
"1618","Helena Nilsson","Västmanland","Female","50","Bachelor's Degree","Long-term"
"1619","Alexander Gunnarsson","Stockholm","Male","19","High School","Long-term"
"1620","Matilda Nilsson","Västmanland","Female","71","Bachelor's Degree","Short-term"
"1621","Ebba Lindberg","Stockholm","Female","68","Master's Degree","Short-term"
"1622","Gustav Bengtsson","Stockholm","Male","37","High School","Long-term"
"1623","David Lundberg","Kronoberg","Male","49","Elementary School","Short-term"
"1624","Maria Jansson","Västernorrland","Female","25","Middle School","Long-term"
"1625","Alexander Forsberg","Stockholm","Male","58","Middle School","Short-term"
"1626","Thomas Pettersson","Stockholm","Male","29","Master's Degree","Short-term"
"1627","Fredrik Fransson","Halland","Male","46","High School","Long-term"
"1628","Alice Hansson","Dalarna","Female","39","Middle School","Short-term"
"1629","Elin Pettersson","Västra Götaland","Female","57","Master's Degree","Short-term"
"1630","Viktor Magnusson","Blekinge","Male","37","Master's Degree","Short-term"
"1631","Lars Eriksson","Västra Götaland","Male","25","Master's Degree","Long-term"
"1632","Olivia Andersson","Skåne","Female","35","High School","Short-term"
"1633","Maria Gustafsson","Västra Götaland","Female","49","Master's Degree","Long-term"
"1634","Lucas Berg","Stockholm","Male","42","High School","Long-term"
"1635","Matilda Sandberg","Stockholm","Female","67","High School","Short-term"
"1636","Erik Gunnarsson","Västra Götaland","Male","54","Bachelor's Degree","Short-term"
"1637","Hans Berg","Västra Götaland","Male","73","Elementary School","Long-term"
"1638","Thomas Norberg","Jönköping","Male","37","High School","Short-term"
"1639","Lucas Hansson","Stockholm","Male","25","High School","Long-term"
"1640","Fredrik Rosén","Skåne","Male","32","Bachelor's Degree","Long-term"
"1641","Anders Wallin","Västra Götaland","Male","43","Middle School","Long-term"
"1642","Johanna Lindgren","Skåne","Female","32","High School","Long-term"
"1643","Christina Lind","Gotland","Female","26","Middle School","Long-term"
"1644","Lucas Bengtsson","Stockholm","Male","37","Bachelor's Degree","Short-term"
"1645","Sven Lundgren","Blekinge","Male","34","Bachelor's Degree","Short-term"
"1646","Elsa Forsberg","Skåne","Female","41","High School","Short-term"
"1647","Mikael Mattsson","Östergötland","Male","63","PhD","Short-term"
"1648","Alexander Lundgren","Dalarna","Male","47","Bachelor's Degree","Short-term"
"1649","Oscar Norberg","Halland","Male","31","Bachelor's Degree","Long-term"
"1650","Lars Pettersson","Blekinge","Male","36","Elementary School","Short-term"
"1651","Lena Lindberg","Stockholm","Female","33","Master's Degree","Long-term"
"1652","Sara Nordström","Stockholm","Female","61","Bachelor's Degree","Long-term"
"1653","Hanna Holmberg","Stockholm","Female","34","Master's Degree","Short-term"
"1654","Elsa Larsson","Södermanland","Female","30","High School","Long-term"
"1655","Daniel Gunnarsson","Dalarna","Male","50","Bachelor's Degree","Short-term"
"1656","Astrid Jönsson","Västra Götaland","Female","47","High School","Short-term"
"1657","Jonathan Wallin","Stockholm","Male","32","High School","Long-term"
"1658","Anders Forsberg","Stockholm","Male","55","High School","Long-term"
"1659","Gustav Lundberg","Stockholm","Male","42","Master's Degree","Long-term"
"1660","Johan Holmberg","Västra Götaland","Male","45","Bachelor's Degree","Short-term"
"1661","Jonathan Gunnarsson","Stockholm","Male","33","High School","Long-term"
"1662","Nils Gunnarsson","Blekinge","Male","30","High School","Short-term"
"1663","Per Olsson","Uppsala","Male","48","Master's Degree","Short-term"
"1664","Lars Eklund","Uppsala","Male","42","Elementary School","Long-term"
"1665","Johan Bengtsson","Stockholm","Male","33","Master's Degree","Long-term"
"1666","Lena Lundgren","Örebro","Female","63","Master's Degree","Short-term"
"1667","Emma Eklund","Norrbotten","Female","28","High School","Long-term"
"1668","Sofia Lindberg","Uppsala","Female","39","High School","Long-term"
"1669","Lars Nyström","Västra Götaland","Male","46","Bachelor's Degree","Long-term"
"1670","Astrid Nilsson","Stockholm","Female","35","Master's Degree","Short-term"
"1671","Lars Olsson","Västerbotten","Male","48","Master's Degree","Short-term"
"1672","Olof Persson","Kronoberg","Male","25","High School","Long-term"
"1673","Björn Nyström","Uppsala","Male","32","Middle School","Short-term"
"1674","Alexander Lundberg","Jönköping","Male","29","Bachelor's Degree","Short-term"
"1675","Wilma Gustafsson","Västra Götaland","Female","20","High School","Long-term"
"1676","Björn Fransson","Stockholm","Male","28","High School","Long-term"
"1677","Astrid Svensson","Skåne","Female","48","Master's Degree","Long-term"
"1678","Björn Lindström","Västmanland","Male","49","High School","Short-term"
"1679","Johan Hansson","Skåne","Male","30","High School","Short-term"
"1680","William Forsberg","Stockholm","Male","28","Master's Degree","Short-term"
"1681","Lars Axelsson","Västra Götaland","Male","29","Middle School","Short-term"
"1682","Lars Hansson","Stockholm","Male","23","High School","Long-term"
"1683","Anders Nilsson","Stockholm","Male","26","High School","Long-term"
"1684","Johan Wikström","Stockholm","Male","41","High School","Short-term"
"1685","Hanna Jakobsson","Stockholm","Female","35","PhD","Short-term"
"1686","Hanna Jakobsson","Västmanland","Female","29","Master's Degree","Short-term"
"1687","Björn Fransson","Norrbotten","Male","31","Master's Degree","Long-term"
"1688","Lisa Lundberg","Stockholm","Female","45","High School","Long-term"
"1689","William Berg","Gotland","Male","37","PhD","Short-term"
"1690","Karl Mattsson","Stockholm","Male","20","Middle School","Long-term"
"1691","Anders Rosén","Stockholm","Male","32","High School","Long-term"
"1692","Fredrik Fransson","Västra Götaland","Male","35","Master's Degree","Long-term"
"1693","Lars Svensson","Västra Götaland","Male","28","Bachelor's Degree","Short-term"
"1694","Elias Holmberg","Skåne","Male","28","High School","Long-term"
"1695","Filip Eriksson","Västra Götaland","Male","52","High School","Short-term"
"1696","Alicia Lundqvist","Västerbotten","Female","21","High School","Short-term"
"1697","Karl Forslund","Östergötland","Male","26","Middle School","Short-term"
"1698","Peter Magnusson","Uppsala","Male","51","Bachelor's Degree","Long-term"
"1699","Thomas Sjöberg","Norrbotten","Male","54","Middle School","Long-term"
"1700","Elin Eriksson","Västra Götaland","Female","32","Bachelor's Degree","Long-term"
"1701","Johan Henriksson","Skåne","Male","47","Middle School","Short-term"
"1702","Emil Hansson","Västerbotten","Male","30","High School","Long-term"
"1703","Lars Berg","Jämtland","Male","37","High School","Short-term"
"1704","Anna Andersson","Västra Götaland","Female","29","Master's Degree","Long-term"
"1705","Daniel Hansson","Dalarna","Male","25","Bachelor's Degree","Short-term"
"1706","Viktor Sjöberg","Stockholm","Male","32","High School","Short-term"
"1707","Magnus Bengtsson","Uppsala","Male","21","High School","Short-term"
"1708","Alice Lindberg","Stockholm","Female","27","High School","Long-term"
"1709","Ebba Gustafsson","Stockholm","Female","30","Middle School","Short-term"
"1710","Bengt Henriksson","Stockholm","Male","20","Middle School","Long-term"
"1711","Filip Jakobsson","Blekinge","Male","35","High School","Long-term"
"1712","Björn Persson","Skåne","Male","25","Middle School","Long-term"
"1713","Jan Mattsson","Västmanland","Male","47","Master's Degree","Short-term"
"1714","Fredrik Persson","Jönköping","Male","30","High School","Long-term"
"1715","Karl Rosén","Västra Götaland","Male","54","Middle School","Long-term"
"1716","Sofia Lind","Skåne","Female","25","Master's Degree","Long-term"
"1717","Hanna Fransson","Skåne","Female","29","Bachelor's Degree","Short-term"
"1718","Anna Andersson","Västerbotten","Female","46","High School","Short-term"
"1719","Daniel Lindberg","Gävleborg","Male","35","Bachelor's Degree","Long-term"
"1720","Annika Henriksson","Uppsala","Female","47","Bachelor's Degree","Long-term"
"1721","Filip Bengtsson","Skåne","Male","32","High School","Short-term"
"1722","Jonathan Lundberg","Stockholm","Male","51","High School","Long-term"
"1723","Annika Bengtsson","Västerbotten","Female","37","High School","Short-term"
"1724","Lucas Jönsson","Gävleborg","Male","28","PhD","Short-term"
"1725","Kerstin Sandberg","Stockholm","Female","28","Bachelor's Degree","Short-term"
"1726","Björn Mattsson","Skåne","Male","32","High School","Long-term"
"1727","William Fransson","Västernorrland","Male","64","PhD","Long-term"
"1728","Astrid Forslund","Skåne","Female","27","Unknown","Long-term"
"1729","Sofia Nilsson","Västra Götaland","Female","35","Middle School","Long-term"
"1730","Peter Svensson","Kalmar","Male","27","High School","Long-term"
"1731","Viktor Berg","Västerbotten","Male","29","Unknown","Long-term"
"1732","Bengt Jonsson","Skåne","Male","44","Master's Degree","Long-term"
"1733","Lena Magnusson","Uppsala","Female","32","Master's Degree","Short-term"
"1734","Per Sjöberg","Stockholm","Male","20","High School","Short-term"
"1735","Lucas Ström","Stockholm","Male","25","Master's Degree","Short-term"
"1736","Per Rosén","Stockholm","Male","25","Middle School","Short-term"
"1737","Peter Lundqvist","Uppsala","Male","67","Master's Degree","Long-term"
"1738","Emma Lindström","Stockholm","Female","41","High School","Short-term"
"1739","Oscar Nyström","Stockholm","Male","45","High School","Short-term"
"1740","Emil Bergström","Västra Götaland","Male","31","Master's Degree","Long-term"
"1741","Björn Engström","Uppsala","Male","34","Bachelor's Degree","Short-term"
"1742","Helena Andersson","Västra Götaland","Female","28","High School","Long-term"
"1743","Viktor Lindgren","Blekinge","Male","39","High School","Long-term"
"1744","Thomas Hansson","Jämtland","Male","54","Bachelor's Degree","Short-term"
"1745","William Jönsson","Östergötland","Male","41","Bachelor's Degree","Long-term"
"1746","Kerstin Jonsson","Värmland","Female","43","High School","Long-term"
"1747","Anna Fransson","Västra Götaland","Female","51","Unknown","Short-term"
"1748","Ida Jönsson","Stockholm","Female","30","Master's Degree","Long-term"
"1749","Astrid Fransson","Norrbotten","Female","66","High School","Short-term"
"1750","David Jansson","Västra Götaland","Male","46","High School","Short-term"
"1751","Anna Eklund","Stockholm","Female","47","Unknown","Short-term"
"1752","Maria Axelsson","Västra Götaland","Female","25","Master's Degree","Short-term"
"1753","Lars Berg","Västra Götaland","Male","47","High School","Long-term"
"1754","Per Pettersson","Stockholm","Male","26","High School","Short-term"
"1755","Matilda Wikström","Västra Götaland","Female","49","High School","Long-term"
"1756","Ida Nilsson","Jönköping","Female","38","High School","Long-term"
"1757","Ebba Rosén","Stockholm","Female","27","Master's Degree","Long-term"
"1758","Per Nordström","Stockholm","Male","28","Bachelor's Degree","Short-term"
"1759","Erik Persson","Stockholm","Male","34","Bachelor's Degree","Long-term"
"1760","Magnus Olsson","Västra Götaland","Male","54","PhD","Long-term"
"1761","Thomas Hansson","Dalarna","Male","74","Middle School","Long-term"
"1762","Christina Mattsson","Stockholm","Female","49","Master's Degree","Long-term"
"1763","Daniel Eklund","Östergötland","Male","34","High School","Short-term"
"1764","Thomas Persson","Stockholm","Male","48","Middle School","Short-term"
"1765","Elsa Eklund","Gotland","Female","52","Elementary School","Short-term"
"1766","Gustav Wikström","Stockholm","Male","27","Middle School","Short-term"
"1767","Kerstin Sjöberg","Skåne","Female","53","High School","Short-term"
"1768","Magnus Lindberg","Uppsala","Male","27","Bachelor's Degree","Short-term"
"1769","Wilma Holmberg","Norrbotten","Female","44","Elementary School","Short-term"
"1770","Magnus Lundgren","Västra Götaland","Male","43","High School","Long-term"
"1771","Olof Persson","Kalmar","Male","35","Bachelor's Degree","Long-term"
"1772","Annika Lind","Stockholm","Female","30","High School","Long-term"
"1773","Olof Magnusson","Örebro","Male","31","High School","Long-term"
"1774","Gustav Norberg","Jönköping","Male","29","High School","Short-term"
"1775","Bengt Larsson","Skåne","Male","37","Middle School","Long-term"
"1776","Björn Lind","Jönköping","Male","33","PhD","Long-term"
"1777","Mikael Mattsson","Uppsala","Male","22","High School","Long-term"
"1778","Elin Fransson","Stockholm","Female","37","High School","Long-term"
"1779","Karin Forslund","Västra Götaland","Female","37","High School","Short-term"
"1780","Maja Persson","Halland","Female","47","High School","Short-term"
"1781","Elias Forsberg","Stockholm","Male","66","Bachelor's Degree","Short-term"
"1782","Lena Berg","Dalarna","Female","26","High School","Long-term"
"1783","William Lindberg","Halland","Male","28","High School","Short-term"
"1784","Matilda Nilsson","Stockholm","Female","30","High School","Long-term"
"1785","Emma Bergström","Norrbotten","Female","57","Unknown","Short-term"
"1786","Sara Mattsson","Stockholm","Female","34","Master's Degree","Short-term"
"1787","Lisa Gustafsson","Skåne","Female","21","Bachelor's Degree","Short-term"
"1788","Sven Karlsson","Jönköping","Male","44","High School","Short-term"
"1789","Elias Mattsson","Västra Götaland","Male","45","Bachelor's Degree","Long-term"
"1790","Mikael Jönsson","Jönköping","Male","38","High School","Short-term"
"1791","Peter Jonsson","Stockholm","Male","32","Master's Degree","Long-term"
"1792","Peter Lundqvist","Stockholm","Male","42","High School","Long-term"
"1793","Jan Wallin","Stockholm","Male","31","High School","Long-term"
"1794","Thomas Bergström","Skåne","Male","53","Bachelor's Degree","Long-term"
"1795","Kerstin Lindberg","Västra Götaland","Female","64","Master's Degree","Short-term"
"1796","Daniel Sandberg","Västra Götaland","Male","28","High School","Short-term"
"1797","Sven Henriksson","Stockholm","Male","26","Master's Degree","Short-term"
"1798","Hanna Ström","Värmland","Female","34","High School","Short-term"
"1799","Karl Lundqvist","Halland","Male","25","Master's Degree","Short-term"
"1800","Lisa Sandberg","Västerbotten","Female","35","High School","Long-term"
"1801","Emma Eriksson","Stockholm","Female","31","High School","Short-term"
"1802","Elias Hansson","Västra Götaland","Male","33","High School","Short-term"
"1803","Emil Lundgren","Kronoberg","Male","39","Master's Degree","Short-term"
"1804","Hanna Pettersson","Jönköping","Female","52","High School","Short-term"
"1805","Anna Lundqvist","Halland","Female","26","Master's Degree","Short-term"
"1806","David Bengtsson","Västra Götaland","Male","42","Unknown","Short-term"
"1807","Hans Sandberg","Halland","Male","51","Master's Degree","Short-term"
"1808","Anders Johansson","Västra Götaland","Male","44","High School","Short-term"
"1809","Maja Lundqvist","Skåne","Female","29","PhD","Short-term"
"1810","Filip Rosén","Västernorrland","Male","39","High School","Short-term"
"1811","Bengt Jönsson","Blekinge","Male","46","High School","Short-term"
"1812","Astrid Holmberg","Stockholm","Female","35","High School","Long-term"
"1813","Peter Olsson","Skåne","Male","27","High School","Short-term"
"1814","Anders Lindström","Halland","Male","31","Middle School","Short-term"
"1815","Nils Svensson","Södermanland","Male","30","Unknown","Long-term"
"1816","Helena Henriksson","Stockholm","Female","50","Master's Degree","Long-term"
"1817","Magnus Rosén","Stockholm","Male","20","Bachelor's Degree","Long-term"
"1818","Jan Andersson","Västra Götaland","Male","65","High School","Long-term"
"1819","Kerstin Lindström","Stockholm","Female","23","Master's Degree","Short-term"
"1820","Johanna Norberg","Stockholm","Female","24","Master's Degree","Long-term"
"1821","Helena Karlsson","Västra Götaland","Female","56","Master's Degree","Short-term"
"1822","Kerstin Johansson","Gävleborg","Female","37","High School","Long-term"
"1823","Kerstin Magnusson","Östergötland","Female","43","Bachelor's Degree","Short-term"
"1824","Astrid Lindberg","Skåne","Female","29","Middle School","Long-term"
"1825","Mikael Magnusson","Stockholm","Male","41","High School","Short-term"
"1826","Johan Svensson","Västra Götaland","Male","28","Middle School","Short-term"
"1827","Anders Rosén","Örebro","Male","28","Master's Degree","Short-term"
"1828","Matilda Jönsson","Skåne","Female","29","High School","Short-term"
"1829","Thomas Olsson","Västra Götaland","Male","49","Middle School","Short-term"
"1830","Julia Wallin","Västra Götaland","Female","39","High School","Long-term"
"1831","Elias Forslund","Västra Götaland","Male","37","High School","Short-term"
"1832","Lars Jönsson","Västmanland","Male","37","Middle School","Long-term"
"1833","Daniel Ström","Stockholm","Male","22","High School","Short-term"
"1834","Alice Rosén","Stockholm","Female","42","Master's Degree","Long-term"
"1835","Klara Nilsson","Stockholm","Female","31","Master's Degree","Short-term"
"1836","Hans Eklund","Stockholm","Male","26","High School","Short-term"
"1837","Emil Lundgren","Stockholm","Male","25","High School","Long-term"
"1838","Klara Svensson","Kronoberg","Female","40","Master's Degree","Short-term"
"1839","Johan Rosén","Skåne","Male","45","High School","Long-term"
"1840","Anders Larsson","Skåne","Male","41","Bachelor's Degree","Long-term"
"1841","Filip Nyström","Stockholm","Male","41","High School","Short-term"
"1842","Emil Sjöberg","Stockholm","Male","31","Master's Degree","Short-term"
"1843","Jan Andersson","Gävleborg","Male","34","High School","Short-term"
"1844","Mikael Rosén","Södermanland","Male","66","Bachelor's Degree","Short-term"
"1845","Filip Svensson","Västra Götaland","Male","43","High School","Short-term"
"1846","Olivia Persson","Östergötland","Female","40","Master's Degree","Short-term"
"1847","William Mattsson","Stockholm","Male","39","High School","Short-term"
"1848","Anders Mattsson","Stockholm","Male","41","High School","Long-term"
"1849","Lena Johansson","Stockholm","Female","68","Master's Degree","Short-term"
"1850","Lucas Larsson","Västra Götaland","Male","20","Middle School","Long-term"
"1851","Elin Sjöberg","Stockholm","Female","30","Master's Degree","Long-term"
"1852","Lisa Lindström","Södermanland","Female","30","Master's Degree","Long-term"
"1853","Maria Rosén","Norrbotten","Female","26","Unknown","Long-term"
"1854","Thomas Nilsson","Kalmar","Male","27","High School","Long-term"
"1855","Jan Lindberg","Stockholm","Male","29","Master's Degree","Short-term"
"1856","Alexander Lind","Halland","Male","29","Bachelor's Degree","Short-term"
"1857","Fredrik Bergström","Stockholm","Male","29","Master's Degree","Short-term"
"1858","Filip Eklund","Södermanland","Male","46","Middle School","Short-term"
"1859","Fredrik Lundberg","Stockholm","Male","49","Master's Degree","Long-term"
"1860","William Gustafsson","Gotland","Male","73","High School","Long-term"
"1861","Elin Bergström","Jönköping","Female","50","Bachelor's Degree","Long-term"
"1862","Alice Magnusson","Stockholm","Female","26","Master's Degree","Long-term"
"1863","Lucas Wallin","Stockholm","Male","32","Master's Degree","Long-term"
"1864","Jan Persson","Skåne","Male","25","Bachelor's Degree","Long-term"
"1865","Olivia Olsson","Värmland","Female","31","High School","Short-term"
"1866","Magnus Forsberg","Stockholm","Male","28","Bachelor's Degree","Long-term"
"1867","Anders Bengtsson","Skåne","Male","43","Bachelor's Degree","Long-term"
"1868","Hanna Bergström","Västra Götaland","Female","23","High School","Long-term"
"1869","Oscar Rosén","Stockholm","Male","48","Bachelor's Degree","Short-term"
"1870","Olof Henriksson","Stockholm","Male","49","Master's Degree","Short-term"
"1871","Olof Lindgren","Stockholm","Male","64","Middle School","Short-term"
"1872","Astrid Nilsson","Västernorrland","Female","39","High School","Short-term"
"1873","Helena Larsson","Norrbotten","Female","24","High School","Short-term"
"1874","Eva Forsberg","Stockholm","Female","26","Master's Degree","Short-term"
"1875","Magnus Karlsson","Västra Götaland","Male","60","Bachelor's Degree","Long-term"
"1876","Maja Nyström","Skåne","Female","26","High School","Short-term"
"1877","Hans Jonsson","Västmanland","Male","43","Master's Degree","Long-term"
"1878","Hanna Mattsson","Stockholm","Female","31","Middle School","Long-term"
"1879","Erik Lindgren","Skåne","Male","33","Master's Degree","Short-term"
"1880","Elsa Sjöberg","Uppsala","Female","25","Bachelor's Degree","Long-term"
"1881","Olof Lindgren","Stockholm","Male","31","High School","Long-term"
"1882","Fredrik Jönsson","Stockholm","Male","62","High School","Short-term"
"1883","Kerstin Forsberg","Stockholm","Female","39","Middle School","Short-term"
"1884","Oscar Larsson","Kronoberg","Male","20","Middle School","Long-term"
"1885","Annika Wallin","Skåne","Female","41","High School","Long-term"
"1886","Björn Magnusson","Stockholm","Male","58","Master's Degree","Long-term"
"1887","Ingrid Fransson","Skåne","Female","32","Master's Degree","Long-term"
"1888","Daniel Fransson","Stockholm","Male","38","High School","Long-term"
"1889","Bengt Lindström","Halland","Male","36","High School","Long-term"
"1890","David Svensson","Örebro","Male","53","Elementary School","Short-term"
"1891","Elsa Eklund","Skåne","Female","49","Middle School","Long-term"
"1892","Magnus Hansson","Stockholm","Male","28","High School","Short-term"
"1893","Karl Gustafsson","Södermanland","Male","72","Bachelor's Degree","Long-term"
"1894","Elsa Nyström","Stockholm","Female","27","High School","Long-term"
"1895","Astrid Lindström","Skåne","Female","26","Master's Degree","Short-term"
"1896","Annika Gustafsson","Västra Götaland","Female","51","Bachelor's Degree","Short-term"
"1897","Klara Magnusson","Dalarna","Female","60","High School","Long-term"
"1898","Maria Magnusson","Södermanland","Female","39","Master's Degree","Long-term"
"1899","Alexander Andersson","Stockholm","Male","28","Middle School","Long-term"
"1900","Johan Nilsson","Östergötland","Male","37","High School","Short-term"
"1901","Emil Johansson","Gotland","Male","50","Middle School","Long-term"
"1902","Maria Lindgren","Västra Götaland","Female","56","Bachelor's Degree","Short-term"
"1903","Hans Sandberg","Östergötland","Male","65","Master's Degree","Short-term"
"1904","Olivia Henriksson","Stockholm","Female","32","High School","Short-term"
"1905","Lena Lind","Kronoberg","Female","54","Master's Degree","Short-term"
"1906","Magnus Lindberg","Skåne","Male","30","Master's Degree","Short-term"
"1907","Nils Bergström","Skåne","Male","31","Middle School","Long-term"
"1908","Alicia Jakobsson","Södermanland","Female","28","High School","Short-term"
"1909","Magnus Lindgren","Dalarna","Male","29","High School","Long-term"
"1910","Hanna Holmberg","Stockholm","Female","66","Unknown","Short-term"
"1911","Lisa Karlsson","Västmanland","Female","40","Bachelor's Degree","Short-term"
"1912","Helena Axelsson","Västmanland","Female","47","Bachelor's Degree","Long-term"
"1913","Lena Larsson","Gävleborg","Female","26","High School","Short-term"
"1914","Karin Lind","Västra Götaland","Female","50","Master's Degree","Short-term"
"1915","Christina Lind","Stockholm","Female","26","Master's Degree","Short-term"
"1916","Matilda Forsberg","Stockholm","Female","33","Middle School","Short-term"
"1917","David Wallin","Skåne","Male","29","High School","Short-term"
"1918","Christina Hansson","Skåne","Female","20","Master's Degree","Short-term"
"1919","Oscar Bergström","Skåne","Male","70","High School","Long-term"
"1920","Fredrik Forslund","Västra Götaland","Male","46","Master's Degree","Short-term"
"1921","Johan Mattsson","Halland","Male","51","High School","Long-term"
"1922","Emma Berg","Södermanland","Female","31","Master's Degree","Short-term"
"1923","Elias Norberg","Skåne","Male","55","High School","Short-term"
"1924","Karl Pettersson","Stockholm","Male","69","High School","Long-term"
"1925","Filip Norberg","Jönköping","Male","28","Middle School","Short-term"
"1926","Hans Lundqvist","Kalmar","Male","45","Middle School","Short-term"
"1927","Lena Hansson","Västra Götaland","Female","47","Master's Degree","Long-term"
"1928","Elias Engström","Skåne","Male","40","Bachelor's Degree","Long-term"
"1929","Mikael Pettersson","Södermanland","Male","40","Bachelor's Degree","Short-term"
"1930","Hanna Lind","Gävleborg","Female","28","Master's Degree","Short-term"
"1931","Hans Fransson","Västra Götaland","Male","42","High School","Long-term"
"1932","Viktor Jonsson","Stockholm","Male","68","Elementary School","Short-term"
"1933","Elin Eriksson","Västmanland","Female","27","Bachelor's Degree","Long-term"
"1934","Hans Holmberg","Västra Götaland","Male","22","Middle School","Long-term"
"1935","Eva Hansson","Västmanland","Female","34","High School","Short-term"
"1936","Hanna Nyström","Östergötland","Female","28","Master's Degree","Long-term"
"1937","Maria Lundqvist","Västmanland","Female","30","Bachelor's Degree","Short-term"
"1938","Elsa Mattsson","Västmanland","Female","67","Bachelor's Degree","Long-term"
"1939","Eva Lindström","Kronoberg","Female","69","Middle School","Long-term"
"1940","Olof Sandberg","Östergötland","Male","43","High School","Long-term"
"1941","Hanna Jonsson","Stockholm","Female","27","High School","Long-term"
"1942","Björn Jansson","Skåne","Male","33","Bachelor's Degree","Long-term"
"1943","Johan Karlsson","Stockholm","Male","31","High School","Short-term"
"1944","Oscar Wallin","Jönköping","Male","24","High School","Long-term"
"1945","Magnus Henriksson","Stockholm","Male","28","Bachelor's Degree","Long-term"
"1946","Daniel Lundgren","Västra Götaland","Male","40","Bachelor's Degree","Short-term"
"1947","Emma Magnusson","Västernorrland","Female","23","High School","Long-term"
"1948","Lisa Lundgren","Jönköping","Female","35","High School","Long-term"
"1949","Olivia Forsberg","Stockholm","Female","48","High School","Short-term"
"1950","Johanna Persson","Stockholm","Female","53","High School","Short-term"
"1951","Lucas Persson","Östergötland","Male","21","High School","Short-term"
"1952","Nils Mattsson","Skåne","Male","53","Bachelor's Degree","Short-term"
"1953","Lucas Andersson","Stockholm","Male","38","Master's Degree","Long-term"
"1954","Astrid Lindberg","Skåne","Female","24","High School","Long-term"
"1955","Bengt Mattsson","Västra Götaland","Male","25","High School","Short-term"
"1956","Anders Jansson","Västmanland","Male","31","High School","Short-term"
"1957","Peter Jakobsson","Västmanland","Male","43","Middle School","Long-term"
"1958","Bengt Jonsson","Stockholm","Male","39","Middle School","Short-term"
"1959","Ingrid Lind","Skåne","Female","29","Master's Degree","Short-term"
"1960","Elin Lindström","Kronoberg","Female","24","High School","Short-term"
"1961","Lucas Engström","Örebro","Male","49","Bachelor's Degree","Long-term"
"1962","Alexander Norberg","Skåne","Male","33","Bachelor's Degree","Long-term"
"1963","Karl Karlsson","Stockholm","Male","31","High School","Long-term"
"1964","Ida Forslund","Västmanland","Female","27","Bachelor's Degree","Long-term"
"1965","Elsa Lindgren","Stockholm","Female","29","Master's Degree","Short-term"
"1966","Lucas Pettersson","Halland","Male","46","High School","Short-term"
"1967","Oscar Lundberg","Skåne","Male","33","High School","Long-term"
"1968","Erik Forsberg","Örebro","Male","32","High School","Short-term"
"1969","Viktor Pettersson","Dalarna","Male","34","Unknown","Long-term"
"1970","Christina Nilsson","Jönköping","Female","29","High School","Long-term"
"1971","Elsa Mattsson","Skåne","Female","38","High School","Long-term"
"1972","Anna Mattsson","Västra Götaland","Female","38","Master's Degree","Short-term"
"1973","Erik Henriksson","Skåne","Male","19","High School","Long-term"
"1974","Johanna Persson","Kalmar","Female","42","Middle School","Short-term"
"1975","Annika Gunnarsson","Kronoberg","Female","45","High School","Short-term"
"1976","Per Gustafsson","Skåne","Male","50","Middle School","Long-term"
"1977","Johanna Gustafsson","Örebro","Female","27","High School","Long-term"
"1978","Annika Gustafsson","Stockholm","Female","39","High School","Short-term"
"1979","Oscar Sjöberg","Uppsala","Male","30","Bachelor's Degree","Long-term"
"1980","Peter Larsson","Västmanland","Male","41","High School","Long-term"
"1981","Filip Sjöberg","Skåne","Male","39","Middle School","Short-term"
"1982","Ida Svensson","Örebro","Female","22","Master's Degree","Long-term"
"1983","Elin Lundgren","Stockholm","Female","29","High School","Long-term"
"1984","Eva Karlsson","Västra Götaland","Female","30","Middle School","Long-term"
"1985","Anders Bergström","Värmland","Male","47","Master's Degree","Short-term"
"1986","Magnus Engström","Stockholm","Male","23","Master's Degree","Short-term"
"1987","Eva Berg","Stockholm","Female","30","Master's Degree","Long-term"
"1988","Wilma Johansson","Västerbotten","Female","43","Master's Degree","Long-term"
"1989","Anna Svensson","Västra Götaland","Female","18","High School","Long-term"
"1990","Emma Berg","Skåne","Female","31","High School","Long-term"
"1991","Ingrid Lind","Skåne","Female","26","Middle School","Short-term"
"1992","Linnea Ström","Stockholm","Female","53","Master's Degree","Long-term"
"1993","William Forsberg","Stockholm","Male","26","Bachelor's Degree","Short-term"
"1994","Lena Eklund","Södermanland","Female","26","High School","Short-term"
"1995","Lisa Forslund","Norrbotten","Female","53","Bachelor's Degree","Long-term"
"1996","Filip Lindgren","Skåne","Male","56","High School","Short-term"
"1997","Björn Ström","Uppsala","Male","74","High School","Long-term"
"1998","Nils Fransson","Gävleborg","Male","38","High School","Short-term"
"1999","Per Olsson","Jönköping","Male","63","High School","Long-term"
"2000","Maja Ström","Västra Götaland","Female","41","High School","Long-term"
